dissolved_oxygen_mgL,ph_level,salinity_ppt,temperature_C,timestamp,turbidity_NTU,growth_status,prediction
15.34,3.71,8.16,26.8,2025-09-06 02:04:52,91.0,,bad_for_harvest
15.33,4.34,4.62,29.2,2025-09-06 02:05:04,118.9,,bad_for_harvest
14.31,3.87,1.9,29.1,2025-09-06 02:05:15,104.6,,bad_for_harvest
3.35,0.0,0.0,25.5,2025-09-06 02:05:26,0.0,,bad_for_harvest
2.76,0.0,0.0,26.1,2025-09-06 02:05:38,0.0,,bad_for_harvest
3.26,0.0,0.0,25.9,2025-09-06 02:05:49,0.0,,bad_for_harvest
2.56,0.0,0.0,28.6,2025-09-06 02:06:01,0.0,,bad_for_harvest
4.96,0.0,0.0,26.1,2025-09-06 02:06:12,0.0,,bad_for_harvest
2.88,0.0,0.0,29.5,2025-09-06 02:06:23,0.0,,bad_for_harvest
6.23,0.68,0.92,26.8,2025-09-06 02:06:35,20.6,,bad_for_harvest
15.15,4.27,0.0,27.1,2025-09-06 02:06:46,112.3,,bad_for_harvest
4.56,0.11,0.16,25.1,2025-09-06 02:06:58,4.8,,bad_for_harvest
7.65,0.66,0.0,27.3,2025-09-06 02:07:09,14.5,,bad_for_harvest
14.18,3.79,0.0,28.4,2025-09-06 02:07:21,100.8,,bad_for_harvest
7.8,1.25,1.6,28.5,2025-09-06 02:07:42,31.0,,good_for_harvest
2.98,0.0,0.0,26.5,2025-09-06 02:08:03,0.0,,bad_for_harvest
14.07,2.1,40.95,26.1,2025-09-06 02:08:25,76.5,,bad_for_harvest
2.86,0.0,0.0,29.4,2025-09-06 02:08:46,0.0,,bad_for_harvest
3.04,0.0,0.0,27.0,2025-09-06 02:09:07,0.0,,bad_for_harvest
10.53,2.62,2.95,28.1,2025-09-06 02:09:29,72.6,,bad_for_harvest
19.55,6.62,0.19,29.5,2025-09-06 02:09:50,167.4,,bad_for_harvest
16.7,4.78,8.23,29.4,2025-09-06 02:10:11,129.4,,bad_for_harvest
18.08,3.96,40.95,25.1,2025-09-06 02:10:33,128.1,,bad_for_harvest
20.06,5.06,40.95,25.1,2025-09-06 02:10:54,156.7,,bad_for_harvest
19.29,4.43,40.95,25.7,2025-09-06 02:11:15,135.5,,bad_for_harvest
4.64,0.11,0.0,25.4,2025-09-06 02:11:37,3.5,,bad_for_harvest
15.35,2.63,40.95,28.3,2025-09-06 02:11:59,88.5,,bad_for_harvest
19.55,4.67,40.95,29.7,2025-09-06 02:12:20,147.2,,bad_for_harvest
6.4,0.0,0.0,29.8,2025-09-06 02:12:41,0.0,,bad_for_harvest
14.59,2.4,38.7,27.1,2025-09-06 02:13:23,47.0,0.0,bad_for_harvest
0.0,0.0,0.0,25.5,2025-09-06 02:13:44,0.0,0.0,bad_for_harvest
37.35,12.39,40.95,25.9,2025-09-06 02:14:05,297.2,0.0,bad_for_harvest
0.13,0.0,0.0,26.5,2025-09-06 02:14:27,0.0,0.0,bad_for_harvest
14.83,3.36,40.95,29.1,2025-09-06 02:14:48,112.7,0.0,bad_for_harvest
6.56,0.5,0.0,27.3,2025-09-06 02:15:09,0.0,0.0,bad_for_harvest
7.97,1.05,0.0,28.6,2025-09-06 02:15:31,0.0,0.0,bad_for_harvest
5.45,0.02,0.0,29.3,2025-09-06 02:15:52,0.0,0.0,bad_for_harvest
24.02,7.17,40.95,25.8,2025-09-06 02:16:13,209.6,0.0,bad_for_harvest
22.79,5.49,40.95,29.7,2025-09-06 02:16:35,121.5,0.0,bad_for_harvest
29.73,8.94,40.95,27.1,2025-09-06 02:16:57,215.4,0.0,bad_for_harvest
23.5,9.22,9.69,27.9,2025-09-06 02:17:18,246.7,0.0,bad_for_harvest
0.78,0.0,0.0,26.2,2025-09-06 02:17:39,0.0,0.0,bad_for_harvest
25.85,7.66,0.0,26.3,2025-09-06 02:18:01,145.6,0.0,bad_for_harvest
0.0,0.0,0.0,26.1,2025-09-06 02:18:22,0.0,0.0,bad_for_harvest
25.99,8.7,0.0,27.9,2025-09-06 02:18:44,171.3,0.0,bad_for_harvest
2.72,0.0,0.0,29.0,2025-09-06 02:19:05,0.0,0.0,bad_for_harvest
6.89,0.0,0.0,28.0,2025-09-06 02:19:26,0.0,0.0,bad_for_harvest
3.18,0.0,0.0,27.2,2025-09-06 02:19:48,0.0,0.0,bad_for_harvest
4.47,0.0,0.0,29.5,2025-09-06 02:20:09,0.0,0.0,bad_for_harvest
4.54,0.0,0.0,29.1,2025-09-06 02:20:30,0.0,0.0,bad_for_harvest
6.61,1.09,1.15,27.6,2025-09-06 02:20:52,32.1,0.0,bad_for_harvest
9.88,2.03,0.0,25.8,2025-09-06 02:21:13,55.5,0.0,bad_for_harvest
2.61,0.0,0.0,27.2,2025-09-06 02:21:35,0.0,0.0,bad_for_harvest
12.63,3.58,2.74,26.3,2025-09-06 02:21:56,101.3,0.0,bad_for_harvest
16.47,5.43,3.95,26.8,2025-09-06 02:22:17,152.4,0.0,bad_for_harvest
2.68,0.0,0.0,28.5,2025-09-06 02:22:39,0.0,0.0,bad_for_harvest
9.31,2.14,1.77,26.9,2025-09-06 02:23:02,61.8,0.0,bad_for_harvest
15.86,5.04,0.01,27.9,2025-09-06 02:23:23,136.3,0.0,bad_for_harvest
13.61,4.1,3.42,28.8,2025-09-06 02:23:44,113.6,0.0,bad_for_harvest
3.35,0.0,0.0,28.2,2025-09-06 02:24:06,0.0,0.0,bad_for_harvest
3.23,0.0,0.0,26.2,2025-09-06 02:24:27,0.0,0.0,bad_for_harvest
13.15,3.98,3.0,26.1,2025-09-06 02:24:49,112.5,0.0,bad_for_harvest
12.09,3.3,0.0,29.3,2025-09-06 02:25:10,89.9,0.0,bad_for_harvest
17.11,5.75,3.36,25.8,2025-09-06 02:25:32,161.1,0.0,bad_for_harvest
2.51,0.0,0.0,29.1,2025-09-06 02:25:53,0.0,0.0,bad_for_harvest
3.1,0.0,0.0,27.7,2025-09-06 02:26:14,0.0,0.0,bad_for_harvest
2.67,0.0,0.0,29.7,2025-09-06 02:26:36,0.0,0.0,bad_for_harvest
13.24,3.73,0.0,28.1,2025-09-06 02:26:57,93.1,0.0,bad_for_harvest
2.64,0.0,0.0,26.4,2025-09-06 02:27:18,0.0,0.0,bad_for_harvest
2.38,0.0,0.0,26.3,2025-09-06 02:27:40,0.0,0.0,bad_for_harvest
4.23,0.0,0.0,25.7,2025-09-06 02:28:02,0.0,0.0,bad_for_harvest
19.12,6.62,2.08,28.8,2025-09-06 02:28:23,177.0,0.0,bad_for_harvest
2.72,0.0,0.0,25.2,2025-09-06 02:28:44,0.0,0.0,bad_for_harvest
19.81,7.1,0.0,26.7,2025-09-06 02:29:06,176.6,0.0,bad_for_harvest
7.8,7.2,1.6,28.5,2025-09-07 01:29:46,5.0,,good_for_harvest
7.8,7.2,1.6,28.5,2025-09-07 01:29:56,5.0,,good_for_harvest
7.8,7.2,1.6,28.5,2025-09-07 01:30:03,5.0,,good_for_harvest
7.8,7.2,1.6,28.5,2025-09-07 01:30:11,5.0,,good_for_harvest
7.8,7.2,1.6,28.5,2025-09-07 01:30:17,5.0,,good_for_harvest
7.8,7.2,1.6,28.5,2025-09-07 01:30:24,5.0,,good_for_harvest
7.8,7.2,1.6,28.5,2025-09-07 01:30:31,5.0,,good_for_harvest
7.8,7.2,1.6,28.5,2025-09-07 01:30:38,5.0,,good_for_harvest
7.8,7.2,1.6,28.5,2025-09-07 01:30:44,5.0,,good_for_harvest
7.8,7.2,1.6,28.5,2025-09-07 01:30:52,5.0,,good_for_harvest
7.8,7.2,1.6,28.5,2025-09-07 01:30:59,5.0,,good_for_harvest
7.8,7.2,1.6,28.5,2025-09-07 01:31:07,5.0,,good_for_harvest
7.8,7.2,1.6,28.5,2025-09-07 01:31:14,5.0,,good_for_harvest
7.8,7.2,1.6,28.5,2025-09-07 01:31:22,5.0,,good_for_harvest
7.8,7.2,1.6,28.5,2025-09-07 01:31:28,5.0,,good_for_harvest
7.8,7.2,1.6,28.5,2025-09-07 01:31:35,5.0,,good_for_harvest
7.8,7.2,1.6,28.5,2025-09-07 01:31:41,5.0,,good_for_harvest
7.8,7.2,1.6,28.5,2025-09-07 01:31:51,5.0,,good_for_harvest
7.8,7.2,1.6,28.5,2025-09-07 01:31:58,5.0,,good_for_harvest
7.8,7.2,1.6,28.5,2025-09-07 01:32:06,5.0,,good_for_harvest
7.8,7.2,1.6,28.5,2025-09-07 01:32:13,5.0,,good_for_harvest
7.8,7.2,1.6,28.5,2025-09-07 01:32:21,5.0,,good_for_harvest
7.8,7.2,1.6,28.5,2025-09-07 01:32:30,5.0,,good_for_harvest
7.8,7.2,1.6,28.5,2025-09-07 01:32:36,5.0,,good_for_harvest
7.8,7.2,1.6,28.5,2025-09-07 01:32:43,5.0,,good_for_harvest
7.8,7.2,1.6,28.5,2025-09-07 01:32:51,5.0,,good_for_harvest
7.8,7.2,1.6,28.5,2025-09-07 01:32:59,5.0,,good_for_harvest
7.8,7.2,1.6,28.5,2025-09-07 01:33:07,5.0,,good_for_harvest
7.8,7.2,1.6,28.5,2025-09-07 01:33:14,5.0,,good_for_harvest
7.8,7.2,1.6,28.5,2025-09-07 01:33:21,5.0,,good_for_harvest
7.8,7.2,1.6,28.5,2025-09-07 01:33:29,5.0,,good_for_harvest
7.8,7.2,1.6,28.5,2025-09-07 01:33:36,5.0,,good_for_harvest
7.8,7.2,1.6,28.5,2025-09-07 01:33:44,5.0,,good_for_harvest
7.8,7.2,1.6,28.5,2025-09-07 01:33:51,5.0,,good_for_harvest
7.8,7.2,1.6,28.5,2025-09-07 01:33:57,5.0,,good_for_harvest
7.8,7.2,1.6,28.5,2025-09-07 01:34:04,5.0,,good_for_harvest
7.8,7.2,1.6,28.5,2025-09-07 01:34:12,5.0,,good_for_harvest
7.8,7.2,1.6,28.5,2025-09-07 01:34:19,5.0,,good_for_harvest
7.8,7.2,1.6,28.5,2025-09-07 01:34:26,5.0,,good_for_harvest
7.8,7.2,1.6,28.5,2025-09-07 01:34:34,5.0,,good_for_harvest
7.8,7.2,1.6,28.5,2025-09-07 01:34:41,5.0,,good_for_harvest
7.8,7.2,1.6,28.5,2025-09-07 01:34:48,5.0,,good_for_harvest
7.8,7.2,1.6,28.5,2025-09-07 01:34:57,5.0,,good_for_harvest
7.8,7.2,1.6,28.5,2025-09-07 01:35:04,5.0,,good_for_harvest
7.8,7.2,1.6,28.5,2025-09-07 01:35:11,5.0,,good_for_harvest
7.8,7.2,1.6,28.5,2025-09-07 01:35:17,5.0,,good_for_harvest
7.8,7.2,1.6,28.5,2025-09-07 01:35:24,5.0,,good_for_harvest
7.8,7.2,1.6,28.5,2025-09-07 01:35:32,5.0,,good_for_harvest
7.8,7.2,1.6,28.5,2025-09-07 01:35:39,5.0,,good_for_harvest
7.8,7.2,1.6,28.5,2025-09-07 01:35:46,5.0,,good_for_harvest
7.8,7.2,1.6,28.5,2025-09-07 01:35:53,5.0,,good_for_harvest
7.8,7.2,1.6,28.5,2025-09-07 01:36:00,5.0,,good_for_harvest
7.8,7.2,1.6,28.5,2025-09-07 01:36:07,5.0,,good_for_harvest
7.8,7.2,1.6,28.5,2025-09-07 01:36:14,5.0,,good_for_harvest
7.8,7.2,1.6,28.5,2025-09-07 01:36:21,5.0,,good_for_harvest
7.8,7.2,1.6,28.5,2025-09-07 01:36:28,5.0,,good_for_harvest
7.8,7.2,1.6,28.5,2025-09-07 01:36:36,5.0,,good_for_harvest
7.8,7.2,1.6,28.5,2025-09-07 01:36:44,5.0,,good_for_harvest
7.8,7.2,1.6,28.5,2025-09-07 01:36:50,5.0,,good_for_harvest
7.8,7.2,1.6,28.5,2025-09-07 01:36:57,5.0,,good_for_harvest
7.8,7.2,1.6,28.5,2025-09-07 01:37:06,5.0,,good_for_harvest
7.8,7.2,1.6,28.5,2025-09-07 01:37:13,5.0,,good_for_harvest
7.8,7.2,1.6,28.5,2025-09-07 01:37:22,5.0,,good_for_harvest
7.8,7.2,1.6,28.5,2025-09-07 01:37:30,5.0,,good_for_harvest
7.8,7.2,1.6,28.5,2025-09-07 01:37:37,5.0,,good_for_harvest
7.8,7.2,1.6,28.5,2025-09-07 01:37:44,5.0,,good_for_harvest
7.8,7.2,1.6,28.5,2025-09-07 01:37:51,5.0,,good_for_harvest
7.8,7.2,1.6,28.5,2025-09-07 01:37:57,5.0,,good_for_harvest
7.8,7.2,1.6,28.5,2025-09-07 01:38:03,5.0,,good_for_harvest
7.8,7.2,1.6,28.5,2025-09-07 01:38:10,5.0,,good_for_harvest
7.8,7.2,1.6,28.5,2025-09-07 01:38:30,5.0,,good_for_harvest
7.8,7.2,1.6,28.5,2025-09-07 01:38:52,5.0,,good_for_harvest
7.8,7.2,1.6,28.5,2025-09-07 01:39:13,5.0,,good_for_harvest
7.8,7.2,1.6,28.5,2025-09-07 01:39:36,5.0,,good_for_harvest
7.8,7.2,1.6,28.5,2025-09-07 01:39:58,5.0,,good_for_harvest
7.8,7.2,1.6,28.5,2025-09-07 01:40:20,5.0,,good_for_harvest
7.8,7.2,1.6,28.5,2025-09-07 01:40:43,5.0,,good_for_harvest
7.8,7.2,1.6,28.5,2025-09-07 01:41:04,5.0,,good_for_harvest
7.8,7.2,1.6,28.5,2025-09-07 01:41:25,5.0,,good_for_harvest
7.8,7.2,1.6,28.5,2025-09-07 01:41:46,5.0,,good_for_harvest
7.8,7.2,1.6,28.5,2025-09-07 01:42:09,5.0,,good_for_harvest
7.8,7.2,1.6,28.5,2025-09-07 01:42:30,5.0,,good_for_harvest
7.8,7.2,1.6,28.5,2025-09-07 01:42:54,5.0,,good_for_harvest
7.8,7.2,1.6,28.5,2025-09-07 01:43:17,5.0,,good_for_harvest
7.8,7.2,1.6,28.5,2025-09-07 01:43:39,5.0,,good_for_harvest
7.8,7.2,1.6,28.5,2025-09-07 01:44:01,5.0,,good_for_harvest
7.8,7.2,1.6,28.5,2025-09-07 01:44:25,5.0,,good_for_harvest
7.8,7.2,1.6,28.5,2025-09-07 01:44:49,5.0,,good_for_harvest
7.8,7.2,1.6,28.5,2025-09-07 01:45:11,5.0,,good_for_harvest
7.8,7.2,1.6,28.5,2025-09-07 01:45:34,5.0,,good_for_harvest
7.8,7.2,1.6,28.5,2025-09-07 01:45:56,5.0,,good_for_harvest
7.8,7.2,1.6,28.5,2025-09-07 01:46:18,5.0,,good_for_harvest
7.8,7.2,1.6,28.5,2025-09-07 01:46:41,5.0,,good_for_harvest
7.8,7.2,1.6,28.5,2025-09-07 01:47:03,5.0,,good_for_harvest
7.8,7.2,1.6,28.5,2025-09-07 01:47:24,5.0,,good_for_harvest
7.8,7.2,1.6,28.5,2025-09-07 01:47:46,5.0,,good_for_harvest
7.8,7.2,1.6,28.5,2025-09-07 01:48:08,5.0,,good_for_harvest
7.8,7.2,1.6,28.5,2025-09-07 01:48:31,5.0,,good_for_harvest
7.8,7.2,1.6,28.5,2025-09-07 01:48:52,5.0,,good_for_harvest
7.8,7.2,1.6,28.5,2025-09-07 01:49:15,5.0,,good_for_harvest
7.8,7.2,1.6,28.5,2025-09-07 01:49:37,5.0,,good_for_harvest
7.8,7.2,1.6,28.5,2025-09-07 01:49:59,5.0,,good_for_harvest
7.8,7.2,1.6,28.5,2025-09-07 01:50:22,5.0,,good_for_harvest
7.8,7.2,1.6,28.5,2025-09-07 01:50:44,5.0,,good_for_harvest
7.8,7.2,1.6,28.5,2025-09-07 01:51:06,5.0,,good_for_harvest
7.8,7.2,1.6,28.5,2025-09-07 01:51:27,5.0,,good_for_harvest
7.8,7.2,1.6,28.5,2025-09-07 01:51:48,5.0,,good_for_harvest
7.8,7.2,1.6,28.5,2025-09-07 01:52:11,5.0,,good_for_harvest
7.8,7.2,1.6,28.5,2025-09-07 01:52:33,5.0,,good_for_harvest
7.8,7.2,1.6,28.5,2025-09-07 01:52:55,5.0,,good_for_harvest
7.8,7.2,1.6,28.5,2025-09-07 01:53:17,5.0,,good_for_harvest
7.8,7.2,1.6,28.5,2025-09-07 01:53:40,5.0,,good_for_harvest
7.8,7.2,1.6,28.5,2025-09-07 01:54:02,5.0,,good_for_harvest
7.8,7.2,1.6,28.5,2025-09-07 01:54:25,5.0,,good_for_harvest
7.8,7.2,1.6,28.5,2025-09-07 01:54:49,5.0,,good_for_harvest
7.8,7.2,1.6,28.5,2025-09-07 01:55:12,5.0,,good_for_harvest
7.8,7.2,1.6,28.5,2025-09-07 01:55:34,5.0,,good_for_harvest
7.8,7.2,1.6,28.5,2025-09-07 01:55:57,5.0,,good_for_harvest
7.8,7.2,1.6,28.5,2025-09-07 01:56:19,5.0,,good_for_harvest
7.8,7.2,1.6,28.5,2025-09-07 01:56:41,5.0,,good_for_harvest
7.8,7.2,1.6,28.5,2025-09-07 01:57:04,5.0,,good_for_harvest
7.8,7.2,1.6,28.5,2025-09-07 01:57:26,5.0,,good_for_harvest
7.8,7.2,1.6,28.5,2025-09-07 01:57:48,5.0,,good_for_harvest
7.8,7.2,1.6,28.5,2025-09-07 01:58:11,5.0,,good_for_harvest
7.8,7.2,1.6,28.5,2025-09-07 01:58:34,5.0,,good_for_harvest
7.8,7.2,1.6,28.5,2025-09-07 01:58:58,5.0,,good_for_harvest
7.8,7.2,1.6,28.5,2025-09-07 01:59:20,5.0,,good_for_harvest
7.8,7.2,1.6,28.5,2025-09-07 01:59:41,5.0,,good_for_harvest
7.8,7.2,1.6,28.5,2025-09-07 02:00:02,5.0,,good_for_harvest
7.8,7.2,1.6,28.5,2025-09-07 02:00:24,5.0,,good_for_harvest
7.8,7.2,1.6,28.5,2025-09-07 02:00:46,5.0,,good_for_harvest
7.8,7.2,1.6,28.5,2025-09-07 02:01:09,5.0,,good_for_harvest
7.8,7.2,1.6,28.5,2025-09-07 02:01:31,5.0,,good_for_harvest
7.8,7.2,1.6,28.5,2025-09-07 02:01:53,5.0,,good_for_harvest
7.8,7.2,1.6,28.5,2025-09-07 02:02:15,5.0,,good_for_harvest
7.8,7.2,1.6,28.5,2025-09-07 02:02:36,5.0,,good_for_harvest
7.8,7.2,1.6,28.5,2025-09-07 02:02:56,5.0,,good_for_harvest
7.8,7.2,1.6,28.5,2025-09-07 02:03:17,5.0,,good_for_harvest
7.8,7.2,1.6,28.5,2025-09-07 02:03:38,5.0,,good_for_harvest
7.8,7.2,1.6,28.5,2025-09-07 02:03:58,5.0,,good_for_harvest
7.8,7.2,1.6,28.5,2025-09-07 02:04:19,5.0,,good_for_harvest
7.8,7.2,1.6,28.5,2025-09-07 02:04:42,5.0,,good_for_harvest
7.8,7.2,1.6,28.5,2025-09-07 02:05:04,5.0,,good_for_harvest
7.8,7.2,1.6,28.5,2025-09-07 02:05:25,5.0,,good_for_harvest
7.8,7.2,1.6,28.5,2025-09-07 02:05:47,5.0,,good_for_harvest
7.8,7.2,1.6,28.5,2025-09-07 02:06:08,5.0,,good_for_harvest
7.8,7.2,1.6,28.5,2025-09-07 02:06:29,5.0,,good_for_harvest
7.8,7.2,1.6,28.5,2025-09-07 02:06:50,5.0,,good_for_harvest
7.8,7.2,1.6,28.5,2025-09-07 02:07:12,5.0,,good_for_harvest
7.8,7.2,1.6,28.5,2025-09-07 02:07:35,5.0,,good_for_harvest
7.8,7.2,1.6,28.5,2025-09-07 02:07:57,5.0,,good_for_harvest
7.8,7.2,1.6,28.5,2025-09-07 02:08:18,5.0,,good_for_harvest
7.8,7.2,1.6,28.5,2025-09-07 02:08:39,5.0,,good_for_harvest
7.8,7.2,1.6,28.5,2025-09-07 02:09:01,5.0,,good_for_harvest
7.8,7.2,1.6,28.5,2025-09-07 02:09:25,5.0,,good_for_harvest
7.8,7.2,1.6,28.5,2025-09-07 02:09:47,5.0,,good_for_harvest
7.8,7.2,1.6,28.5,2025-09-07 02:10:09,5.0,,good_for_harvest
7.8,7.2,1.6,28.5,2025-09-07 02:10:33,5.0,,good_for_harvest
7.8,7.2,1.6,28.5,2025-09-07 02:10:55,5.0,,good_for_harvest
7.8,7.2,1.6,28.5,2025-09-07 02:11:17,5.0,,good_for_harvest
7.8,7.2,1.6,28.5,2025-09-07 02:11:38,5.0,,good_for_harvest
7.8,7.2,1.6,28.5,2025-09-07 02:12:00,5.0,,good_for_harvest
7.8,7.2,1.6,28.5,2025-09-07 02:12:23,5.0,,good_for_harvest
7.8,7.2,1.6,28.5,2025-09-07 02:12:43,5.0,,good_for_harvest
7.8,7.2,1.6,28.5,2025-09-07 02:13:05,5.0,,good_for_harvest
7.8,7.2,1.6,28.5,2025-09-07 02:13:27,5.0,,good_for_harvest
7.8,7.2,1.6,28.5,2025-09-07 02:13:50,5.0,,good_for_harvest
7.8,7.2,1.6,28.5,2025-09-07 02:14:12,5.0,,good_for_harvest
7.8,7.2,1.6,28.5,2025-09-07 02:14:34,5.0,,good_for_harvest
7.8,7.2,1.6,28.5,2025-09-07 02:14:56,5.0,,good_for_harvest
7.8,7.2,1.6,28.5,2025-09-07 02:15:18,5.0,,good_for_harvest
7.8,7.2,1.6,28.5,2025-09-07 02:16:07,5.0,,good_for_harvest
7.8,7.2,1.6,28.5,2025-09-07 02:16:32,5.0,,good_for_harvest
7.8,7.2,1.6,28.5,2025-09-07 02:16:54,5.0,,good_for_harvest
7.8,7.2,1.6,28.5,2025-09-07 02:17:16,5.0,,good_for_harvest
7.8,7.2,1.6,28.5,2025-09-07 02:17:38,5.0,,good_for_harvest
7.8,7.2,1.6,28.5,2025-09-07 02:18:02,5.0,,good_for_harvest
7.8,7.2,1.6,28.5,2025-09-07 02:18:24,5.0,,good_for_harvest
7.8,7.2,1.6,28.5,2025-09-07 02:18:46,5.0,,good_for_harvest
7.8,7.2,1.6,28.5,2025-09-07 02:19:07,5.0,,good_for_harvest
7.8,7.2,1.6,28.5,2025-09-07 02:19:28,5.0,,good_for_harvest
7.8,7.2,1.6,28.5,2025-09-07 02:19:49,5.0,,good_for_harvest
7.8,7.2,1.6,28.5,2025-09-07 02:20:10,5.0,,good_for_harvest
7.8,7.2,1.6,28.5,2025-09-07 02:20:31,5.0,,good_for_harvest
7.8,7.2,1.6,28.5,2025-09-07 02:20:52,5.0,,good_for_harvest
7.8,7.2,1.6,28.5,2025-09-07 02:21:13,5.0,,good_for_harvest
7.8,7.2,1.6,28.5,2025-09-07 02:21:33,5.0,,good_for_harvest
7.8,7.2,1.6,28.5,2025-09-07 02:21:54,5.0,,good_for_harvest
7.8,7.2,1.6,28.5,2025-09-07 02:22:15,5.0,,good_for_harvest
7.8,7.2,1.6,28.5,2025-09-07 02:22:35,5.0,,good_for_harvest
7.8,7.2,1.6,28.5,2025-09-07 02:22:56,5.0,,good_for_harvest
7.8,7.2,1.6,28.5,2025-09-07 02:23:18,5.0,,good_for_harvest
7.8,7.2,1.6,28.5,2025-09-07 02:23:38,5.0,,good_for_harvest
7.8,7.2,1.6,28.5,2025-09-07 02:23:59,5.0,,good_for_harvest
7.8,7.2,1.6,28.5,2025-09-07 02:24:20,5.0,,good_for_harvest
7.8,7.2,1.6,28.5,2025-09-07 02:24:41,5.0,,good_for_harvest
7.8,7.2,1.6,28.5,2025-09-07 02:25:02,5.0,,good_for_harvest
7.8,7.2,1.6,28.5,2025-09-07 02:25:23,5.0,,good_for_harvest
7.8,7.2,1.6,28.5,2025-09-07 02:25:43,5.0,,good_for_harvest
7.8,7.2,1.6,28.5,2025-09-07 02:26:04,5.0,,good_for_harvest
7.8,7.2,1.6,28.5,2025-09-07 02:26:25,5.0,,good_for_harvest
7.8,7.2,1.6,28.5,2025-09-07 02:26:46,5.0,,good_for_harvest
7.8,7.2,1.6,28.5,2025-09-07 02:27:07,5.0,,good_for_harvest
7.8,7.2,1.6,28.5,2025-09-07 02:27:27,5.0,,good_for_harvest
7.8,7.2,1.6,28.5,2025-09-07 02:27:48,5.0,,good_for_harvest
7.8,7.2,1.6,28.5,2025-09-07 02:28:09,5.0,,good_for_harvest
7.8,7.2,1.6,28.5,2025-09-07 02:28:30,5.0,,good_for_harvest
7.8,7.2,1.6,28.5,2025-09-07 02:28:51,5.0,,good_for_harvest
7.8,7.2,1.6,28.5,2025-09-07 02:29:12,5.0,,good_for_harvest
7.8,7.2,1.6,28.5,2025-09-07 02:29:33,5.0,,good_for_harvest
7.8,7.2,1.6,28.5,2025-09-07 02:29:56,5.0,,good_for_harvest
7.5,7.2,1.8,28.5,2025-09-07 02:30:17,4.5,,bad_for_harvest
7.8,7.2,1.6,28.5,2025-09-07 02:30:18,5.0,,good_for_harvest
7.8,7.2,1.6,28.5,2025-09-07 02:30:39,5.0,,good_for_harvest
7.8,7.2,1.6,28.5,2025-09-07 02:31:00,5.0,,good_for_harvest
7.8,7.2,1.6,28.5,2025-09-07 02:31:21,5.0,,good_for_harvest
7.8,7.2,1.6,28.5,2025-09-07 02:31:42,5.0,,good_for_harvest
7.8,7.2,1.6,28.5,2025-09-07 02:32:05,5.0,,good_for_harvest
7.8,7.2,1.6,28.5,2025-09-07 02:32:26,5.0,,good_for_harvest
7.8,7.2,1.6,28.5,2025-09-07 02:32:47,5.0,,good_for_harvest
7.8,7.2,1.6,28.5,2025-09-07 02:33:08,5.0,,good_for_harvest
7.8,7.2,1.6,28.5,2025-09-07 02:33:29,5.0,,good_for_harvest
7.8,7.2,1.6,28.5,2025-09-07 02:33:50,5.0,,good_for_harvest
7.8,7.2,1.6,28.5,2025-09-07 02:34:10,5.0,,good_for_harvest
7.8,7.2,1.6,28.5,2025-09-07 02:34:31,5.0,,good_for_harvest
7.8,7.2,1.6,28.5,2025-09-07 02:34:54,5.0,,good_for_harvest
7.8,7.2,1.6,28.5,2025-09-07 02:35:15,5.0,,good_for_harvest
7.8,7.2,1.6,28.5,2025-09-07 02:35:36,5.0,,good_for_harvest
7.8,7.2,1.6,28.5,2025-09-07 02:35:57,5.0,,good_for_harvest
7.8,7.2,1.6,28.5,2025-09-07 02:36:18,5.0,,good_for_harvest
7.8,7.2,1.6,28.5,2025-09-07 02:36:39,5.0,,good_for_harvest
7.8,7.2,1.6,28.5,2025-09-07 02:37:00,5.0,,good_for_harvest
7.8,7.2,1.6,28.5,2025-09-07 02:37:21,5.0,,good_for_harvest
7.8,7.2,1.6,28.5,2025-09-07 02:37:41,5.0,,good_for_harvest
7.8,7.2,1.6,28.5,2025-09-07 02:38:02,5.0,,good_for_harvest
7.8,7.2,1.6,28.5,2025-09-07 02:38:23,5.0,,good_for_harvest
7.8,7.2,1.6,28.5,2025-09-07 02:38:43,5.0,,good_for_harvest
7.8,7.2,1.6,28.5,2025-09-07 02:39:04,5.0,,good_for_harvest
7.8,7.2,1.6,28.5,2025-09-07 02:39:25,5.0,,good_for_harvest
7.8,7.2,1.6,28.5,2025-09-07 02:39:46,5.0,,good_for_harvest
7.8,7.2,1.6,28.5,2025-09-07 02:40:07,5.0,,good_for_harvest
7.8,7.2,1.6,28.5,2025-09-07 02:40:28,5.0,,good_for_harvest
7.8,7.2,1.6,28.5,2025-09-07 02:40:49,5.0,,good_for_harvest
7.8,7.2,1.6,28.5,2025-09-07 02:41:09,5.0,,good_for_harvest
7.8,7.2,1.6,28.5,2025-09-07 02:41:30,5.0,,good_for_harvest
7.8,7.2,1.6,28.5,2025-09-07 02:41:50,5.0,,good_for_harvest
7.8,7.2,1.6,28.5,2025-09-07 02:42:11,5.0,,good_for_harvest
7.8,7.2,1.6,28.5,2025-09-07 02:42:32,5.0,,good_for_harvest
7.8,7.2,1.6,28.5,2025-09-07 02:42:53,5.0,,good_for_harvest
7.8,7.2,1.6,28.5,2025-09-07 02:43:14,5.0,,good_for_harvest
7.8,7.2,1.6,28.5,2025-09-07 02:43:34,5.0,,good_for_harvest
7.8,7.2,1.6,28.5,2025-09-07 02:43:55,5.0,,good_for_harvest
7.8,7.2,1.6,28.5,2025-09-07 02:44:16,5.0,,good_for_harvest
7.8,7.2,1.6,28.5,2025-09-07 02:44:36,5.0,,good_for_harvest
7.8,7.2,1.6,28.5,2025-09-07 02:45:00,5.0,,good_for_harvest
7.8,7.2,1.6,28.5,2025-09-07 02:45:21,5.0,,good_for_harvest
7.8,7.2,1.6,28.5,2025-09-07 02:45:42,5.0,,good_for_harvest
7.8,7.2,1.6,28.5,2025-09-07 02:46:03,5.0,,good_for_harvest
7.8,7.2,1.6,28.5,2025-09-07 02:46:23,5.0,,good_for_harvest
7.8,7.2,1.6,28.5,2025-09-07 02:46:44,5.0,,good_for_harvest
7.8,7.2,1.6,28.5,2025-09-07 02:47:05,5.0,,good_for_harvest
7.8,7.2,1.6,28.5,2025-09-07 02:47:25,5.0,,good_for_harvest
7.8,7.2,1.6,28.5,2025-09-07 02:47:47,5.0,,good_for_harvest
7.8,7.2,1.6,28.5,2025-09-07 02:48:08,5.0,,good_for_harvest
7.8,7.2,1.6,28.5,2025-09-07 02:48:28,5.0,,good_for_harvest
7.8,7.2,1.6,28.5,2025-09-07 02:48:49,5.0,,good_for_harvest
7.8,7.2,1.6,28.5,2025-09-07 02:49:10,5.0,,good_for_harvest
7.8,7.2,1.6,28.5,2025-09-07 02:49:30,5.0,,good_for_harvest
7.8,7.2,1.6,28.5,2025-09-07 02:49:51,5.0,,good_for_harvest
7.8,7.2,1.6,28.5,2025-09-07 02:50:12,5.0,,good_for_harvest
7.8,7.2,1.6,28.5,2025-09-07 02:50:33,5.0,,good_for_harvest
7.8,7.2,1.6,28.5,2025-09-07 02:50:54,5.0,,good_for_harvest
7.8,7.2,1.6,28.5,2025-09-07 02:51:15,5.0,,good_for_harvest
7.8,7.2,1.6,28.5,2025-09-07 02:51:36,5.0,,good_for_harvest
7.8,7.2,1.6,28.5,2025-09-07 02:51:57,5.0,,good_for_harvest
7.8,7.2,1.6,28.5,2025-09-07 02:52:18,5.0,,good_for_harvest
7.8,7.2,1.6,28.5,2025-09-07 02:52:39,5.0,,good_for_harvest
7.8,7.2,1.6,28.5,2025-09-07 02:52:59,5.0,,good_for_harvest
7.8,7.2,1.6,28.5,2025-09-07 02:53:20,5.0,,good_for_harvest
7.8,7.2,1.6,28.5,2025-09-07 02:53:41,5.0,,good_for_harvest
7.8,7.2,1.6,28.5,2025-09-07 02:54:02,5.0,,good_for_harvest
7.8,7.2,1.6,28.5,2025-09-07 02:54:23,5.0,,good_for_harvest
7.8,7.2,1.6,28.5,2025-09-07 04:11:54,5.0,,good_for_harvest
7.8,7.2,1.6,28.5,2025-09-07 04:12:00,5.0,,good_for_harvest
7.8,7.2,1.6,28.5,2025-09-07 04:12:06,5.0,,good_for_harvest
7.8,7.2,1.6,28.5,2025-09-07 04:12:12,5.0,,good_for_harvest
7.8,7.2,1.6,28.5,2025-09-07 04:12:17,5.0,,good_for_harvest
7.8,7.2,1.6,28.5,2025-09-07 04:12:23,5.0,,good_for_harvest
7.8,7.2,1.6,28.5,2025-09-07 04:12:28,5.0,,good_for_harvest
7.8,7.2,1.6,28.5,2025-09-07 04:12:34,5.0,,good_for_harvest
7.8,7.2,1.6,28.5,2025-09-07 04:12:40,5.0,,good_for_harvest
7.8,7.2,1.6,28.5,2025-09-07 04:12:46,5.0,,good_for_harvest
7.8,7.2,1.6,28.5,2025-09-07 04:12:51,5.0,,good_for_harvest
7.8,7.2,1.6,28.5,2025-09-07 04:12:57,5.0,,good_for_harvest
7.8,7.2,1.6,28.5,2025-09-07 04:13:03,5.0,,good_for_harvest
7.8,7.2,1.6,28.5,2025-09-07 04:13:09,5.0,,good_for_harvest
7.8,7.2,1.6,28.5,2025-09-07 04:13:14,5.0,,good_for_harvest
7.8,7.2,1.6,28.5,2025-09-07 04:59:24,5.0,,good_for_harvest
7.8,7.2,1.6,28.5,2025-09-07 04:59:30,5.0,,good_for_harvest
7.8,7.2,1.6,28.5,2025-09-07 04:59:36,5.0,,good_for_harvest
7.8,7.2,1.6,28.5,2025-09-07 04:59:41,5.0,,good_for_harvest
7.8,7.2,1.6,28.5,2025-09-07 04:59:47,5.0,,good_for_harvest
7.8,7.2,1.6,28.5,2025-09-07 04:59:53,5.0,,good_for_harvest
7.8,7.2,1.6,28.5,2025-09-07 04:59:59,5.0,,good_for_harvest
7.8,7.2,1.6,28.5,2025-09-07 05:00:04,5.0,,good_for_harvest
7.8,7.2,1.6,28.5,2025-09-07 05:00:10,5.0,,good_for_harvest
7.8,7.2,1.6,28.5,2025-09-07 05:00:16,5.0,,good_for_harvest
7.8,7.2,1.6,28.5,2025-09-07 05:00:21,5.0,,good_for_harvest
7.8,7.2,1.6,28.5,2025-09-07 05:00:27,5.0,,good_for_harvest
7.8,7.2,1.6,28.5,2025-09-07 05:00:33,5.0,,good_for_harvest
7.8,7.2,1.6,28.5,2025-09-07 05:00:39,5.0,,good_for_harvest
7.8,7.2,1.6,28.5,2025-09-07 05:00:44,5.0,,good_for_harvest
7.8,7.2,1.6,28.5,2025-09-07 05:00:50,5.0,,good_for_harvest
7.8,7.2,1.6,28.5,2025-09-07 05:00:56,5.0,,good_for_harvest
7.8,7.2,1.6,28.5,2025-09-07 05:01:02,5.0,,good_for_harvest
7.8,7.2,1.6,28.5,2025-09-07 05:01:07,5.0,,good_for_harvest
7.8,7.2,1.6,28.5,2025-09-07 05:01:13,5.0,,good_for_harvest
7.8,7.2,1.6,28.5,2025-09-07 05:01:18,5.0,,good_for_harvest
7.8,7.2,1.6,28.5,2025-09-07 05:01:24,5.0,,good_for_harvest
7.8,7.2,1.6,28.5,2025-09-07 05:01:30,5.0,,good_for_harvest
7.8,7.2,1.6,28.5,2025-09-07 05:01:35,5.0,,good_for_harvest
7.8,7.2,1.6,28.5,2025-09-07 05:01:41,5.0,,good_for_harvest
7.8,7.2,1.6,28.5,2025-09-07 05:01:47,5.0,,good_for_harvest
7.8,7.2,1.6,28.5,2025-09-07 05:01:53,5.0,,good_for_harvest
7.8,7.2,1.6,28.5,2025-09-07 05:01:58,5.0,,good_for_harvest
7.8,7.2,1.6,28.5,2025-09-07 05:02:04,5.0,,good_for_harvest
7.8,7.2,1.6,28.5,2025-09-07 05:02:10,5.0,,good_for_harvest
7.8,7.2,1.6,28.5,2025-09-07 05:02:16,5.0,,good_for_harvest
7.8,7.2,1.6,28.5,2025-09-07 05:02:21,5.0,,good_for_harvest
7.8,7.2,1.6,28.5,2025-09-07 05:02:27,5.0,,good_for_harvest
7.8,7.2,1.6,28.5,2025-09-07 05:02:32,5.0,,good_for_harvest
7.8,7.2,1.6,28.5,2025-09-07 05:02:38,5.0,,good_for_harvest
7.8,7.2,1.6,28.5,2025-09-07 05:02:44,5.0,,good_for_harvest
7.8,7.2,1.6,28.5,2025-09-07 05:02:50,5.0,,good_for_harvest
7.8,7.2,1.6,28.5,2025-09-07 05:02:55,5.0,,good_for_harvest
7.8,7.2,1.6,28.5,2025-09-07 05:03:01,5.0,,good_for_harvest
7.8,7.2,1.6,28.5,2025-09-07 05:03:07,5.0,,good_for_harvest
7.8,7.2,1.6,28.5,2025-09-07 05:03:13,5.0,,good_for_harvest
7.8,7.2,1.6,28.5,2025-09-07 05:03:18,5.0,,good_for_harvest
7.8,7.2,1.6,28.5,2025-09-07 05:03:24,5.0,,good_for_harvest
7.8,7.2,1.6,28.5,2025-09-07 05:03:30,5.0,,good_for_harvest
7.8,7.2,1.6,28.5,2025-09-07 05:03:35,5.0,,good_for_harvest
7.8,7.2,1.6,28.5,2025-09-07 05:03:41,5.0,,good_for_harvest
7.8,7.2,1.6,28.5,2025-09-07 05:03:47,5.0,,good_for_harvest
7.8,7.2,1.6,28.5,2025-09-07 05:03:53,5.0,,good_for_harvest
7.8,7.2,1.6,28.5,2025-09-07 05:03:59,5.0,,good_for_harvest
7.8,7.2,1.6,28.5,2025-09-07 05:04:05,5.0,,good_for_harvest
7.8,7.2,1.6,28.5,2025-09-07 05:04:10,5.0,,good_for_harvest
7.8,7.2,1.6,28.5,2025-09-07 05:04:16,5.0,,good_for_harvest
7.8,7.2,1.6,28.5,2025-09-07 05:04:22,5.0,,good_for_harvest
7.8,7.2,1.6,28.5,2025-09-07 05:04:28,5.0,,good_for_harvest
7.8,7.2,1.6,28.5,2025-09-07 05:04:33,5.0,,good_for_harvest
7.8,7.2,1.6,28.5,2025-09-07 05:04:39,5.0,,good_for_harvest
7.8,7.2,1.6,28.5,2025-09-07 05:04:45,5.0,,good_for_harvest
7.8,7.2,1.6,28.5,2025-09-07 05:04:51,5.0,,good_for_harvest
7.8,7.2,1.6,28.5,2025-09-07 05:04:57,5.0,,good_for_harvest
7.8,7.2,1.6,28.5,2025-09-07 05:05:03,5.0,,good_for_harvest
7.8,7.2,1.6,28.5,2025-09-07 05:05:08,5.0,,good_for_harvest
7.8,7.2,1.6,28.5,2025-09-07 05:05:14,5.0,,good_for_harvest
7.8,7.2,1.6,28.5,2025-09-07 05:05:20,5.0,,good_for_harvest
7.8,7.2,1.6,28.5,2025-09-07 05:05:26,5.0,,good_for_harvest
7.8,7.2,1.6,28.5,2025-09-07 05:05:31,5.0,,good_for_harvest
7.8,7.2,1.6,28.5,2025-09-07 05:05:37,5.0,,good_for_harvest
7.8,7.2,1.6,28.5,2025-09-07 05:05:42,5.0,,good_for_harvest
7.8,7.2,1.6,28.5,2025-09-07 05:05:48,5.0,,good_for_harvest
7.8,7.2,1.6,28.5,2025-09-07 05:05:54,5.0,,good_for_harvest
7.8,7.2,1.6,28.5,2025-09-07 05:05:59,5.0,,good_for_harvest
7.8,7.2,1.6,28.5,2025-09-07 05:06:05,5.0,,good_for_harvest
7.8,7.2,1.6,28.5,2025-09-07 05:06:11,5.0,,good_for_harvest
7.8,7.2,1.6,28.5,2025-09-07 05:06:16,5.0,,good_for_harvest
7.8,7.2,1.6,28.5,2025-09-07 05:06:22,5.0,,good_for_harvest
7.8,7.2,1.6,28.5,2025-09-07 05:06:28,5.0,,good_for_harvest
7.8,7.2,1.6,28.5,2025-09-07 05:06:34,5.0,,good_for_harvest
7.8,7.2,1.6,28.5,2025-09-07 05:06:39,5.0,,good_for_harvest
7.8,7.2,1.6,28.5,2025-09-07 05:06:45,5.0,,good_for_harvest
7.8,7.2,1.6,28.5,2025-09-07 05:06:51,5.0,,good_for_harvest
7.8,7.2,1.6,28.5,2025-09-07 05:06:56,5.0,,good_for_harvest
7.8,7.2,1.6,28.5,2025-09-07 05:07:02,5.0,,good_for_harvest
7.8,7.2,1.6,28.5,2025-09-07 05:07:08,5.0,,good_for_harvest
7.8,7.2,1.6,28.5,2025-09-07 05:07:14,5.0,,good_for_harvest
7.8,7.2,1.6,28.5,2025-09-07 05:07:20,5.0,,good_for_harvest
7.8,7.2,1.6,28.5,2025-09-07 05:07:25,5.0,,good_for_harvest
7.8,7.2,1.6,28.5,2025-09-07 05:07:31,5.0,,good_for_harvest
7.8,7.2,1.6,28.5,2025-09-07 05:07:37,5.0,,good_for_harvest
7.8,7.2,1.6,28.5,2025-09-07 05:07:42,5.0,,good_for_harvest
7.8,7.2,1.6,28.5,2025-09-07 05:07:48,5.0,,good_for_harvest
7.8,7.2,1.6,28.5,2025-09-07 05:07:54,5.0,,good_for_harvest
7.8,7.2,1.6,28.5,2025-09-07 05:08:00,5.0,,good_for_harvest
7.8,7.2,1.6,28.5,2025-09-07 05:08:05,5.0,,good_for_harvest
7.8,7.2,1.6,28.5,2025-09-07 05:08:11,5.0,,good_for_harvest
7.8,7.2,1.6,28.5,2025-09-07 05:08:16,5.0,,good_for_harvest
7.8,7.2,1.6,28.5,2025-09-07 05:08:22,5.0,,good_for_harvest
7.8,7.2,1.6,28.5,2025-09-07 05:08:28,5.0,,good_for_harvest
7.8,7.2,1.6,28.5,2025-09-07 05:08:33,5.0,,good_for_harvest
7.8,7.2,1.6,28.5,2025-09-07 05:08:39,5.0,,good_for_harvest
7.8,7.2,1.6,28.5,2025-09-07 05:08:45,5.0,,good_for_harvest
7.8,7.2,1.6,28.5,2025-09-07 05:08:50,5.0,,good_for_harvest
7.8,7.2,1.6,28.5,2025-09-07 05:08:56,5.0,,good_for_harvest
7.8,7.2,1.6,28.5,2025-09-07 05:09:02,5.0,,good_for_harvest
7.8,7.2,1.6,28.5,2025-09-07 05:09:09,5.0,,good_for_harvest
7.8,7.2,1.6,28.5,2025-09-07 05:09:15,5.0,,good_for_harvest
7.8,7.2,1.6,28.5,2025-09-07 05:09:20,5.0,,good_for_harvest
7.8,7.2,1.6,28.5,2025-09-07 05:09:26,5.0,,good_for_harvest
7.8,7.2,1.6,28.5,2025-09-07 05:09:32,5.0,,good_for_harvest
7.8,7.2,1.6,28.5,2025-09-07 05:09:38,5.0,,good_for_harvest
7.8,7.2,1.6,28.5,2025-09-07 05:09:44,5.0,,good_for_harvest
7.8,7.2,1.6,28.5,2025-09-07 05:09:49,5.0,,good_for_harvest
7.8,7.2,1.6,28.5,2025-09-07 05:09:55,5.0,,good_for_harvest
7.8,7.2,1.6,28.5,2025-09-07 05:10:01,5.0,,good_for_harvest
7.8,7.2,1.6,28.5,2025-09-07 05:10:07,5.0,,good_for_harvest
7.8,7.2,1.6,28.5,2025-09-07 05:10:12,5.0,,good_for_harvest
7.8,7.2,1.6,28.5,2025-09-07 05:10:18,5.0,,good_for_harvest
7.8,7.2,1.6,28.5,2025-09-07 05:10:24,5.0,,good_for_harvest
7.8,7.2,1.6,28.5,2025-09-07 05:10:29,5.0,,good_for_harvest
7.8,7.2,1.6,28.5,2025-09-07 05:10:35,5.0,,good_for_harvest
7.8,7.2,1.6,28.5,2025-09-07 05:10:41,5.0,,good_for_harvest
7.8,7.2,1.6,28.5,2025-09-07 05:10:47,5.0,,good_for_harvest
7.8,7.2,1.6,28.5,2025-09-07 05:10:52,5.0,,good_for_harvest
7.8,7.2,1.6,28.5,2025-09-07 05:10:58,5.0,,good_for_harvest
7.8,7.2,1.6,28.5,2025-09-07 05:11:04,5.0,,good_for_harvest
7.8,7.2,1.6,28.5,2025-09-07 05:11:12,5.0,,good_for_harvest
7.8,7.2,1.6,28.5,2025-09-07 05:11:20,5.0,,good_for_harvest
7.8,7.2,1.6,28.5,2025-09-07 05:11:27,5.0,,good_for_harvest
7.8,7.2,1.6,28.5,2025-09-07 05:11:35,5.0,,good_for_harvest
7.8,7.2,1.6,28.5,2025-09-07 05:11:43,5.0,,good_for_harvest
7.8,7.2,1.6,28.5,2025-09-07 05:11:51,5.0,,good_for_harvest
7.8,7.2,1.6,28.5,2025-09-07 05:11:58,5.0,,good_for_harvest
7.8,7.2,1.6,28.5,2025-09-07 05:12:05,5.0,,good_for_harvest
20.0,0.0,0.0,0.0,2025-09-07 05:12:29,50.5,,bad_for_harvest
20.2,0.0,0.0,0.0,2025-09-07 05:12:36,54.9,,bad_for_harvest
18.1,0.0,0.0,0.0,2025-09-07 05:12:43,49.4,,bad_for_harvest
18.9,0.0,0.0,0.0,2025-09-07 05:12:49,49.5,,bad_for_harvest
18.3,0.0,0.0,0.0,2025-09-07 05:12:57,49.5,,bad_for_harvest
18.3,0.0,0.0,0.0,2025-09-07 05:13:05,55.5,,bad_for_harvest
19.6,0.0,0.0,0.0,2025-09-07 05:13:13,49.9,,bad_for_harvest
19.7,0.0,0.0,0.0,2025-09-07 05:13:20,54.3,,bad_for_harvest
19.1,0.0,0.0,0.0,2025-09-07 05:13:27,52.9,,bad_for_harvest
18.5,0.0,0.0,0.0,2025-09-07 05:13:35,49.8,,bad_for_harvest
19.5,0.0,0.0,0.0,2025-09-07 05:13:43,50.3,,bad_for_harvest
17.7,0.0,0.0,0.0,2025-09-07 20:28:40,47.8,,bad_for_harvest
15.3,0.0,0.0,0.0,2025-09-07 20:28:47,46.2,,bad_for_harvest
17.1,0.0,0.0,0.0,2025-09-07 20:28:53,47.1,,bad_for_harvest
17.7,0.0,0.0,0.0,2025-09-07 20:28:58,47.1,,bad_for_harvest
15.8,0.0,0.0,0.0,2025-09-07 20:29:04,47.1,,bad_for_harvest
15.4,0.0,0.0,0.0,2025-09-07 20:29:10,49.6,,bad_for_harvest
15.9,0.0,0.0,0.0,2025-09-07 20:29:19,46.4,,bad_for_harvest
15.1,0.0,0.0,0.0,2025-09-07 20:29:24,49.6,,bad_for_harvest
15.9,0.0,0.0,0.0,2025-09-07 20:29:30,46.4,,bad_for_harvest
16.3,0.0,0.0,0.0,2025-09-07 20:29:35,47.1,,bad_for_harvest
16.4,0.0,0.0,0.0,2025-09-07 20:29:41,46.4,,bad_for_harvest
17.1,0.0,0.0,0.0,2025-09-07 20:29:47,47.0,,bad_for_harvest
16.1,0.0,0.0,0.0,2025-09-07 20:29:52,46.7,,bad_for_harvest
16.6,0.0,0.0,0.0,2025-09-07 20:29:58,46.4,,bad_for_harvest
13.1,0.0,0.0,0.0,2025-09-07 20:30:07,44.4,,bad_for_harvest
16.2,0.0,0.0,0.0,2025-09-07 20:30:13,46.3,,bad_for_harvest
15.7,0.0,0.0,0.0,2025-09-07 20:30:18,50.2,,bad_for_harvest
17.5,0.0,0.0,0.0,2025-09-07 20:30:24,46.4,,bad_for_harvest
16.3,0.0,0.0,0.0,2025-09-07 20:30:30,46.4,,bad_for_harvest
16.1,0.0,0.0,0.0,2025-09-07 20:30:35,50.1,,bad_for_harvest
16.0,0.0,0.0,0.0,2025-09-07 20:30:42,46.7,,bad_for_harvest
15.3,0.0,0.0,0.0,2025-09-07 20:30:48,46.2,,bad_for_harvest
16.5,0.0,0.0,0.0,2025-09-07 20:30:53,50.1,,bad_for_harvest
15.7,0.0,0.0,0.0,2025-09-07 20:30:59,46.4,,bad_for_harvest
15.8,0.0,0.0,0.0,2025-09-07 20:31:05,45.5,,bad_for_harvest
16.3,0.0,0.0,0.0,2025-09-07 20:31:11,48.0,,bad_for_harvest
16.7,0.0,0.0,0.0,2025-09-07 20:31:16,50.1,,bad_for_harvest
17.4,0.0,0.0,0.0,2025-09-07 20:31:22,50.9,,bad_for_harvest
16.6,0.0,0.0,0.0,2025-09-07 20:31:28,46.5,,bad_for_harvest
16.2,0.0,0.0,0.0,2025-09-07 20:31:35,49.7,,bad_for_harvest
15.8,0.0,0.0,0.0,2025-09-07 20:31:44,46.3,,bad_for_harvest
15.9,0.0,0.0,0.0,2025-09-07 20:31:53,46.6,,bad_for_harvest
15.4,0.0,0.0,0.0,2025-09-07 20:32:03,47.7,,bad_for_harvest
15.9,0.0,0.0,0.0,2025-09-07 20:32:13,45.9,,bad_for_harvest
16.1,0.0,0.0,0.0,2025-09-07 20:32:30,45.8,,bad_for_harvest
15.6,0.0,0.0,0.0,2025-09-07 20:32:33,44.8,,bad_for_harvest
15.8,0.0,0.0,0.0,2025-09-07 20:32:42,46.4,,bad_for_harvest
13.8,0.0,0.0,0.0,2025-09-07 20:32:51,43.8,,bad_for_harvest
17.1,0.0,0.0,0.0,2025-09-07 20:32:57,47.4,,bad_for_harvest
17.6,0.0,0.0,0.0,2025-09-07 20:33:03,47.0,,bad_for_harvest
16.6,0.0,0.0,0.0,2025-09-07 20:33:10,50.4,,bad_for_harvest
17.5,0.0,0.0,0.0,2025-09-07 20:33:16,46.7,,bad_for_harvest
17.2,0.0,0.0,0.0,2025-09-07 20:33:22,47.7,,bad_for_harvest
16.0,0.0,0.0,0.0,2025-09-07 20:33:27,48.0,,bad_for_harvest
17.8,0.0,0.0,0.0,2025-09-07 20:33:33,52.7,,bad_for_harvest
17.6,0.0,0.0,0.0,2025-09-07 20:33:41,47.8,,bad_for_harvest
17.1,0.0,0.0,0.0,2025-09-07 20:33:47,48.2,,bad_for_harvest
14.6,0.0,0.0,0.0,2025-09-07 20:33:55,45.9,,bad_for_harvest
17.6,0.0,0.0,0.0,2025-09-07 20:34:01,46.4,,bad_for_harvest
17.6,0.0,0.0,0.0,2025-09-07 20:34:10,52.8,,bad_for_harvest
16.6,0.0,0.0,0.0,2025-09-07 20:34:16,47.5,,bad_for_harvest
17.6,0.0,0.0,0.0,2025-09-07 20:34:24,48.0,,bad_for_harvest
18.0,0.0,0.0,0.0,2025-09-07 20:34:30,47.7,,bad_for_harvest
16.7,0.0,0.0,0.0,2025-09-07 20:34:37,52.0,,bad_for_harvest
17.2,0.0,0.0,0.0,2025-09-07 20:34:43,48.1,,bad_for_harvest
17.6,0.0,0.0,0.0,2025-09-07 20:34:50,47.0,,bad_for_harvest
17.6,0.0,0.0,0.0,2025-09-07 20:34:57,51.1,,bad_for_harvest
17.6,0.0,0.0,0.0,2025-09-07 20:35:05,47.3,,bad_for_harvest
16.8,0.0,0.0,0.0,2025-09-07 20:35:14,47.1,,bad_for_harvest
14.7,0.0,0.0,0.0,2025-09-07 20:35:20,51.1,,bad_for_harvest
17.6,0.0,0.0,0.0,2025-09-07 20:35:28,47.6,,bad_for_harvest
17.4,0.0,0.0,0.0,2025-09-07 20:35:35,49.8,,bad_for_harvest
15.9,0.0,0.0,0.0,2025-09-07 20:35:41,51.1,,bad_for_harvest
16.7,0.0,0.0,0.0,2025-09-07 20:35:50,47.5,,bad_for_harvest
16.0,0.0,0.0,0.0,2025-09-07 20:35:56,51.1,,bad_for_harvest
16.9,0.0,0.0,0.0,2025-09-07 20:36:03,50.9,,bad_for_harvest
16.3,0.0,0.0,0.0,2025-09-07 20:36:11,51.0,,bad_for_harvest
15.7,0.0,0.0,0.0,2025-09-07 20:36:19,46.4,,bad_for_harvest
16.2,0.0,0.0,0.0,2025-09-07 20:36:27,46.5,,bad_for_harvest
17.4,0.0,0.0,0.0,2025-09-07 20:36:34,49.8,,bad_for_harvest
17.2,0.0,0.0,0.0,2025-09-07 20:36:41,47.5,,bad_for_harvest
17.1,0.0,0.0,0.0,2025-09-07 20:36:48,46.5,,bad_for_harvest
16.6,0.0,0.0,0.0,2025-09-07 20:36:55,46.4,,bad_for_harvest
17.2,0.0,0.0,0.0,2025-09-07 20:37:03,46.7,,bad_for_harvest
16.2,0.0,0.0,0.0,2025-09-07 20:37:11,46.9,,bad_for_harvest
15.9,0.0,0.0,0.0,2025-09-07 20:37:17,46.9,,bad_for_harvest
17.3,0.0,0.0,0.0,2025-09-07 20:37:24,46.4,,bad_for_harvest
16.3,0.0,0.0,0.0,2025-09-07 20:37:32,46.2,,bad_for_harvest
16.4,0.0,0.0,0.0,2025-09-07 20:37:38,46.4,,bad_for_harvest
17.1,0.0,0.0,0.0,2025-09-07 20:37:47,46.4,,bad_for_harvest
15.7,0.0,0.0,0.0,2025-09-07 20:37:54,46.4,,bad_for_harvest
16.4,0.0,0.0,0.0,2025-09-07 20:38:02,50.7,,bad_for_harvest
15.9,0.0,0.0,0.0,2025-09-07 20:38:10,46.7,,bad_for_harvest
16.6,0.0,0.0,0.0,2025-09-07 20:38:18,47.0,,bad_for_harvest
16.4,0.0,0.0,0.0,2025-09-07 20:38:26,51.1,,bad_for_harvest
16.7,0.0,0.0,0.0,2025-09-07 20:38:33,47.1,,bad_for_harvest
17.2,0.0,0.0,0.0,2025-09-07 20:38:39,50.9,,bad_for_harvest
14.5,0.0,0.0,0.0,2025-09-07 20:38:45,45.9,,bad_for_harvest
17.3,0.0,0.0,0.0,2025-09-07 20:38:51,46.7,,bad_for_harvest
16.6,0.0,0.0,0.0,2025-09-07 20:38:57,46.3,,bad_for_harvest
16.1,0.0,0.0,0.0,2025-09-07 20:39:04,46.6,,bad_for_harvest
16.5,0.0,0.0,0.0,2025-09-07 20:39:16,46.6,,bad_for_harvest
14.2,0.0,0.0,0.0,2025-09-07 20:39:27,46.7,,bad_for_harvest
14.9,0.0,0.0,0.0,2025-09-07 20:39:36,49.7,,bad_for_harvest
14.9,0.0,0.0,0.0,2025-09-07 20:39:42,46.4,,bad_for_harvest
16.0,0.0,0.0,0.0,2025-09-07 20:39:49,46.4,,bad_for_harvest
17.1,0.0,0.0,0.0,2025-09-07 20:39:56,46.4,,bad_for_harvest
16.5,0.0,0.0,0.0,2025-09-07 20:40:04,46.8,,bad_for_harvest
15.3,0.0,0.0,0.0,2025-09-07 20:40:11,45.2,,bad_for_harvest
15.9,0.0,0.0,0.0,2025-09-07 20:40:18,46.5,,bad_for_harvest
15.9,0.0,0.0,0.0,2025-09-07 20:40:27,46.4,,bad_for_harvest
16.6,0.0,0.0,0.0,2025-09-07 20:40:35,46.5,,bad_for_harvest
16.0,0.0,0.0,0.0,2025-09-07 20:40:42,46.5,,bad_for_harvest
16.0,0.0,0.0,0.0,2025-09-07 20:40:50,49.9,,bad_for_harvest
16.7,0.0,0.0,0.0,2025-09-07 20:40:57,49.6,,bad_for_harvest
18.3,0.0,0.0,0.0,2025-09-07 20:43:54,52.6,,bad_for_harvest
17.8,0.0,0.0,0.0,2025-09-07 20:44:00,48.1,,bad_for_harvest
16.9,0.0,0.0,0.0,2025-09-07 20:44:08,48.2,,bad_for_harvest
15.3,0.0,0.0,0.0,2025-09-07 20:44:18,46.2,,bad_for_harvest
17.6,0.0,0.0,0.0,2025-09-07 20:44:25,51.1,,bad_for_harvest
17.3,0.0,0.0,0.0,2025-09-07 20:44:32,51.1,,bad_for_harvest
16.2,0.0,0.0,0.0,2025-09-07 20:44:39,46.4,,bad_for_harvest
17.1,0.0,0.0,0.0,2025-09-07 20:44:47,46.7,,bad_for_harvest
17.1,0.0,0.0,0.0,2025-09-07 20:44:54,47.6,,bad_for_harvest
15.5,0.0,0.0,0.0,2025-09-07 20:45:01,46.5,,bad_for_harvest
16.2,0.0,0.0,0.0,2025-09-07 20:45:09,46.5,,bad_for_harvest
16.1,0.0,0.0,0.0,2025-09-07 20:45:17,51.0,,bad_for_harvest
15.4,0.0,0.0,0.0,2025-09-07 20:45:23,47.0,,bad_for_harvest
15.9,0.0,0.0,0.0,2025-09-07 20:45:31,46.2,,bad_for_harvest
17.4,0.0,0.0,0.0,2025-09-07 20:45:37,46.6,,bad_for_harvest
17.5,0.0,0.0,0.0,2025-09-07 20:45:43,49.8,,bad_for_harvest
16.7,0.0,0.0,0.0,2025-09-07 20:45:50,47.2,,bad_for_harvest
17.9,0.0,0.0,0.0,2025-09-07 20:45:55,47.3,,bad_for_harvest
17.6,0.0,0.0,0.0,2025-09-07 20:46:01,50.8,,bad_for_harvest
14.7,0.0,0.0,0.0,2025-09-07 20:46:09,49.3,,bad_for_harvest
13.8,0.0,0.0,0.0,2025-09-07 20:46:18,43.9,,bad_for_harvest
16.1,0.0,0.0,0.0,2025-09-07 20:46:31,49.6,,bad_for_harvest
15.3,0.0,0.0,0.0,2025-09-07 20:46:41,48.4,,bad_for_harvest
25.1,0.0,8.77,79.3,2025-09-07 21:02:11,119.3,,bad_for_harvest
0.0,0.0,1.06,11.2,2025-09-07 21:02:17,65.4,,bad_for_harvest
85.1,28.9,14.24,143.3,2025-09-07 21:02:24,153.5,,bad_for_harvest
80.1,12.7,15.35,153.5,2025-09-07 21:02:29,161.6,,bad_for_harvest
0.0,0.0,0.0,0.0,2025-09-07 21:02:35,33.5,,bad_for_harvest
72.1,0.0,14.88,145.6,2025-09-07 21:02:44,158.6,,bad_for_harvest
25.4,0.0,0.87,11.2,2025-09-07 21:02:50,52.2,,bad_for_harvest
0.6,0.77,0.02,2.82,2025-09-07 21:04:41,0.28,,bad_for_harvest
0.82,0.71,0.02,2.91,2025-09-07 21:04:48,0.87,,bad_for_harvest
0.71,0.74,0.01,2.57,2025-09-07 21:04:55,0.84,,bad_for_harvest
0.62,0.66,0.01,2.88,2025-09-07 21:05:01,0.64,,bad_for_harvest
0.62,0.74,0.01,2.61,2025-09-07 21:05:07,0.23,,bad_for_harvest
0.9,0.7,0.01,2.66,2025-09-07 21:05:16,0.77,,bad_for_harvest
0.78,0.69,0.01,2.91,2025-09-07 21:05:22,0.75,,bad_for_harvest
0.89,0.73,0.01,2.7,2025-09-07 21:05:28,0.69,,bad_for_harvest
0.64,0.68,0.02,2.51,2025-09-07 21:05:34,0.71,,bad_for_harvest
0.78,0.68,0.01,2.61,2025-09-07 21:05:41,0.4,,bad_for_harvest
0.66,0.74,0.01,2.7,2025-09-07 21:05:47,0.9,,bad_for_harvest
0.6,0.78,0.01,2.73,2025-09-07 21:05:54,0.33,,bad_for_harvest
0.74,0.76,0.01,2.59,2025-09-07 21:06:00,0.22,,bad_for_harvest
0.72,0.72,0.01,2.51,2025-09-07 21:06:07,0.28,,bad_for_harvest
0.8,0.7,0.01,2.89,2025-09-07 21:06:12,0.79,,bad_for_harvest
0.87,0.68,0.01,2.58,2025-09-07 21:06:19,0.73,,bad_for_harvest
0.79,0.73,0.02,2.52,2025-09-07 21:06:26,0.91,,bad_for_harvest
0.78,0.77,0.01,2.84,2025-09-07 21:06:36,0.3,,bad_for_harvest
0.68,0.78,0.01,2.64,2025-09-07 21:06:42,0.92,,bad_for_harvest
0.86,0.67,0.02,2.79,2025-09-07 21:06:50,0.87,,bad_for_harvest
0.74,0.69,0.01,2.94,2025-09-07 21:07:00,0.63,,bad_for_harvest
0.85,0.76,0.02,2.99,2025-09-07 21:07:09,0.71,,bad_for_harvest
0.81,0.69,0.01,2.78,2025-09-07 21:07:17,0.89,,bad_for_harvest
0.85,0.79,0.01,2.53,2025-09-07 21:07:28,0.52,,bad_for_harvest
0.62,0.8,0.02,2.59,2025-09-07 21:07:37,0.21,,bad_for_harvest
0.74,0.7,0.02,2.86,2025-09-07 21:07:44,0.77,,bad_for_harvest
0.72,0.65,0.01,2.9,2025-09-07 21:07:55,0.7,,bad_for_harvest
0.72,0.68,0.01,2.67,2025-09-07 21:08:04,0.44,,bad_for_harvest
0.84,0.75,0.02,2.8,2025-09-07 21:08:14,0.32,,bad_for_harvest
0.81,0.66,0.01,2.94,2025-09-07 21:08:23,0.71,,bad_for_harvest
0.82,0.66,0.02,2.76,2025-09-07 21:08:31,0.48,,bad_for_harvest
0.86,0.72,0.01,2.53,2025-09-07 21:08:38,0.68,,bad_for_harvest
0.71,0.67,0.01,2.95,2025-09-07 21:08:46,0.83,,bad_for_harvest
0.84,0.79,0.01,2.67,2025-09-07 21:08:52,0.85,,bad_for_harvest
